ola_mES_2i_1_1.counts,cell
ola_mES_2i_1_10.counts,cell
ola_mES_2i_1_11.counts,cell
ola_mES_2i_1_12.counts,cell
ola_mES_2i_1_13.counts,cell
ola_mES_2i_1_14.counts,cell
ola_mES_2i_1_15.counts,cell
ola_mES_2i_1_16.counts,cell
ola_mES_2i_1_17.counts,cell
ola_mES_2i_1_18.counts,cell
ola_mES_2i_1_19.counts,cell
ola_mES_2i_1_2.counts,cell
ola_mES_2i_1_20.counts,cell
ola_mES_2i_1_21.counts,cell
ola_mES_2i_1_22.counts,cell
ola_mES_2i_1_23.counts,cell
ola_mES_2i_1_24.counts,cell
ola_mES_2i_1_25.counts,cell
ola_mES_2i_1_26.counts,cell
ola_mES_2i_1_27.counts,cell
ola_mES_2i_1_28.counts,cell
ola_mES_2i_1_29.counts,cell
ola_mES_2i_1_3.counts,cell
ola_mES_2i_1_30.counts,cell
ola_mES_2i_1_31.counts,cell
ola_mES_2i_1_32.counts,cell
ola_mES_2i_1_33.counts,cell
ola_mES_2i_1_34.counts,cell
ola_mES_2i_1_35.counts,damaged
ola_mES_2i_1_36.counts,cell
ola_mES_2i_1_37.counts,cell
ola_mES_2i_1_38.counts,cell
ola_mES_2i_1_39.counts,cell
ola_mES_2i_1_4.counts,cell
ola_mES_2i_1_40.counts,cell
ola_mES_2i_1_41.counts,cell
ola_mES_2i_1_42.counts,cell
ola_mES_2i_1_43.counts,cell
ola_mES_2i_1_44.counts,cell
ola_mES_2i_1_45.counts,cell
ola_mES_2i_1_46.counts,cell
ola_mES_2i_1_47.counts,cell
ola_mES_2i_1_48.counts,cell
ola_mES_2i_1_49.counts,cell
ola_mES_2i_1_5.counts,cell
ola_mES_2i_1_50.counts,cell
ola_mES_2i_1_51.counts,damaged
ola_mES_2i_1_52.counts,cell
ola_mES_2i_1_53.counts,cell
ola_mES_2i_1_54.counts,damaged
ola_mES_2i_1_55.counts,cell
ola_mES_2i_1_56.counts,cell
ola_mES_2i_1_57.counts,cell
ola_mES_2i_1_58.counts,cell
ola_mES_2i_1_59.counts,cell
ola_mES_2i_1_6.counts,cell
ola_mES_2i_1_60.counts,cell
ola_mES_2i_1_61.counts,cell
ola_mES_2i_1_62.counts,cell
ola_mES_2i_1_63.counts,damaged
ola_mES_2i_1_64.counts,damaged
ola_mES_2i_1_65.counts,damaged
ola_mES_2i_1_66.counts,cell
ola_mES_2i_1_67.counts,cell
ola_mES_2i_1_68.counts,cell
ola_mES_2i_1_69.counts,cell
ola_mES_2i_1_7.counts,cell
ola_mES_2i_1_70.counts,cell
ola_mES_2i_1_71.counts,cell
ola_mES_2i_1_72.counts,cell
ola_mES_2i_1_73.counts,damaged
ola_mES_2i_1_74.counts,cell
ola_mES_2i_1_75.counts,damaged
ola_mES_2i_1_76.counts,cell
ola_mES_2i_1_77.counts,damaged
ola_mES_2i_1_78.counts,damaged
ola_mES_2i_1_79.counts,cell
ola_mES_2i_1_8.counts,cell
ola_mES_2i_1_80.counts,cell
ola_mES_2i_1_81.counts,cell
ola_mES_2i_1_82.counts,cell
ola_mES_2i_1_83.counts,cell
ola_mES_2i_1_84.counts,cell
ola_mES_2i_1_85.counts,cell
ola_mES_2i_1_86.counts,cell
ola_mES_2i_1_87.counts,cell
ola_mES_2i_1_88.counts,damaged
ola_mES_2i_1_89.counts,cell
ola_mES_2i_1_9.counts,cell
ola_mES_2i_1_90.counts,cell
ola_mES_2i_1_91.counts,cell
ola_mES_2i_1_92.counts,cell
ola_mES_2i_1_93.counts,cell
ola_mES_2i_1_94.counts,cell
ola_mES_2i_1_95.counts,cell
ola_mES_2i_1_96.counts,cell
ola_mES_2i_2_1.counts,cell
ola_mES_2i_2_10.counts,cell
ola_mES_2i_2_11.counts,cell
ola_mES_2i_2_12.counts,cell
ola_mES_2i_2_13.counts,cell
ola_mES_2i_2_14.counts,cell
ola_mES_2i_2_15.counts,cell
ola_mES_2i_2_16.counts,cell
ola_mES_2i_2_17.counts,cell
ola_mES_2i_2_18.counts,cell
ola_mES_2i_2_19.counts,cell
ola_mES_2i_2_2.counts,cell
ola_mES_2i_2_20.counts,cell
ola_mES_2i_2_21.counts,cell
ola_mES_2i_2_22.counts,cell
ola_mES_2i_2_23.counts,cell
ola_mES_2i_2_24.counts,cell
ola_mES_2i_2_25.counts,cell
ola_mES_2i_2_26.counts,cell
ola_mES_2i_2_27.counts,cell
ola_mES_2i_2_28.counts,cell
ola_mES_2i_2_29.counts,cell
ola_mES_2i_2_3.counts,cell
ola_mES_2i_2_30.counts,cell
ola_mES_2i_2_31.counts,cell
ola_mES_2i_2_32.counts,cell
ola_mES_2i_2_33.counts,cell
ola_mES_2i_2_34.counts,cell
ola_mES_2i_2_35.counts,cell
ola_mES_2i_2_36.counts,cell
ola_mES_2i_2_37.counts,cell
ola_mES_2i_2_38.counts,cell
ola_mES_2i_2_39.counts,cell
ola_mES_2i_2_4.counts,cell
ola_mES_2i_2_40.counts,cell
ola_mES_2i_2_41.counts,cell
ola_mES_2i_2_42.counts,cell
ola_mES_2i_2_43.counts,cell
ola_mES_2i_2_44.counts,cell
ola_mES_2i_2_45.counts,damaged
ola_mES_2i_2_46.counts,cell
ola_mES_2i_2_47.counts,cell
ola_mES_2i_2_48.counts,cell
ola_mES_2i_2_49.counts,cell
ola_mES_2i_2_5.counts,cell
ola_mES_2i_2_50.counts,cell
ola_mES_2i_2_51.counts,cell
ola_mES_2i_2_52.counts,cell
ola_mES_2i_2_53.counts,cell
ola_mES_2i_2_54.counts,cell
ola_mES_2i_2_55.counts,cell
ola_mES_2i_2_56.counts,cell
ola_mES_2i_2_57.counts,cell
ola_mES_2i_2_58.counts,cell
ola_mES_2i_2_59.counts,cell
ola_mES_2i_2_6.counts,cell
ola_mES_2i_2_60.counts,cell
ola_mES_2i_2_61.counts,cell
ola_mES_2i_2_62.counts,cell
ola_mES_2i_2_63.counts,cell
ola_mES_2i_2_64.counts,cell
ola_mES_2i_2_65.counts,damaged
ola_mES_2i_2_66.counts,cell
ola_mES_2i_2_67.counts,cell
ola_mES_2i_2_68.counts,cell
ola_mES_2i_2_69.counts,cell
ola_mES_2i_2_7.counts,cell
ola_mES_2i_2_70.counts,damaged
ola_mES_2i_2_71.counts,cell
ola_mES_2i_2_72.counts,cell
ola_mES_2i_2_73.counts,cell
ola_mES_2i_2_74.counts,cell
ola_mES_2i_2_75.counts,cell
ola_mES_2i_2_76.counts,cell
ola_mES_2i_2_77.counts,damaged
ola_mES_2i_2_78.counts,cell
ola_mES_2i_2_79.counts,cell
ola_mES_2i_2_8.counts,cell
ola_mES_2i_2_80.counts,cell
ola_mES_2i_2_81.counts,cell
ola_mES_2i_2_82.counts,damaged
ola_mES_2i_2_83.counts,damaged
ola_mES_2i_2_84.counts,damaged
ola_mES_2i_2_85.counts,cell
ola_mES_2i_2_86.counts,cell
ola_mES_2i_2_87.counts,cell
ola_mES_2i_2_88.counts,damaged
ola_mES_2i_2_89.counts,damaged
ola_mES_2i_2_9.counts,cell
ola_mES_2i_2_90.counts,cell
ola_mES_2i_2_91.counts,cell
ola_mES_2i_2_92.counts,damaged
ola_mES_2i_2_93.counts,cell
ola_mES_2i_2_94.counts,cell
ola_mES_2i_2_95.counts,cell
ola_mES_2i_2_96.counts,damaged
ola_mES_2i_3_1.counts,damaged
ola_mES_2i_3_10.counts,damaged
ola_mES_2i_3_11.counts,cell
ola_mES_2i_3_12.counts,cell
ola_mES_2i_3_13.counts,cell
ola_mES_2i_3_14.counts,damaged
ola_mES_2i_3_15.counts,cell
ola_mES_2i_3_16.counts,cell
ola_mES_2i_3_17.counts,cell
ola_mES_2i_3_18.counts,damaged
ola_mES_2i_3_19.counts,cell
ola_mES_2i_3_2.counts,cell
ola_mES_2i_3_20.counts,cell
ola_mES_2i_3_21.counts,damaged
ola_mES_2i_3_22.counts,damaged
ola_mES_2i_3_23.counts,cell
ola_mES_2i_3_24.counts,damaged
ola_mES_2i_3_25.counts,cell
ola_mES_2i_3_26.counts,cell
ola_mES_2i_3_27.counts,damaged
ola_mES_2i_3_28.counts,cell
ola_mES_2i_3_29.counts,damaged
ola_mES_2i_3_3.counts,damaged
ola_mES_2i_3_30.counts,cell
ola_mES_2i_3_31.counts,cell
ola_mES_2i_3_32.counts,damaged
ola_mES_2i_3_33.counts,damaged
ola_mES_2i_3_34.counts,damaged
ola_mES_2i_3_35.counts,damaged
ola_mES_2i_3_36.counts,cell
ola_mES_2i_3_37.counts,cell
ola_mES_2i_3_38.counts,cell
ola_mES_2i_3_39.counts,damaged
ola_mES_2i_3_4.counts,cell
ola_mES_2i_3_40.counts,damaged
ola_mES_2i_3_41.counts,cell
ola_mES_2i_3_42.counts,cell
ola_mES_2i_3_43.counts,cell
ola_mES_2i_3_44.counts,damaged
ola_mES_2i_3_45.counts,damaged
ola_mES_2i_3_46.counts,cell
ola_mES_2i_3_47.counts,damaged
ola_mES_2i_3_48.counts,damaged
ola_mES_2i_3_49.counts,cell
ola_mES_2i_3_5.counts,cell
ola_mES_2i_3_50.counts,damaged
ola_mES_2i_3_51.counts,cell
ola_mES_2i_3_52.counts,cell
ola_mES_2i_3_53.counts,damaged
ola_mES_2i_3_54.counts,damaged
ola_mES_2i_3_55.counts,cell
ola_mES_2i_3_56.counts,cell
ola_mES_2i_3_57.counts,damaged
ola_mES_2i_3_58.counts,cell
ola_mES_2i_3_59.counts,damaged
ola_mES_2i_3_6.counts,cell
ola_mES_2i_3_60.counts,damaged
ola_mES_2i_3_61.counts,damaged
ola_mES_2i_3_62.counts,cell
ola_mES_2i_3_63.counts,damaged
ola_mES_2i_3_64.counts,damaged
ola_mES_2i_3_65.counts,cell
ola_mES_2i_3_66.counts,damaged
ola_mES_2i_3_67.counts,damaged
ola_mES_2i_3_68.counts,damaged
ola_mES_2i_3_69.counts,damaged
ola_mES_2i_3_7.counts,damaged
ola_mES_2i_3_70.counts,damaged
ola_mES_2i_3_71.counts,damaged
ola_mES_2i_3_72.counts,damaged
ola_mES_2i_3_73.counts,cell
ola_mES_2i_3_74.counts,damaged
ola_mES_2i_3_75.counts,damaged
ola_mES_2i_3_76.counts,cell
ola_mES_2i_3_77.counts,damaged
ola_mES_2i_3_78.counts,cell
ola_mES_2i_3_79.counts,cell
ola_mES_2i_3_8.counts,cell
ola_mES_2i_3_80.counts,cell
ola_mES_2i_3_81.counts,damaged
ola_mES_2i_3_82.counts,cell
ola_mES_2i_3_83.counts,damaged
ola_mES_2i_3_84.counts,cell
ola_mES_2i_3_85.counts,damaged
ola_mES_2i_3_86.counts,damaged
ola_mES_2i_3_87.counts,damaged
ola_mES_2i_3_88.counts,cell
ola_mES_2i_3_89.counts,damaged
ola_mES_2i_3_9.counts,damaged
ola_mES_2i_3_90.counts,damaged
ola_mES_2i_3_91.counts,cell
ola_mES_2i_3_92.counts,damaged
ola_mES_2i_3_93.counts,damaged
ola_mES_2i_3_94.counts,damaged
ola_mES_2i_3_95.counts,damaged
ola_mES_2i_3_96.counts,damaged
ola_mES_2i_4_1.counts,cell
ola_mES_2i_4_10.counts,cell
ola_mES_2i_4_11.counts,cell
ola_mES_2i_4_12.counts,damaged
ola_mES_2i_4_13.counts,cell
ola_mES_2i_4_14.counts,damaged
ola_mES_2i_4_15.counts,cell
ola_mES_2i_4_16.counts,damaged
ola_mES_2i_4_17.counts,cell
ola_mES_2i_4_18.counts,cell
ola_mES_2i_4_19.counts,cell
ola_mES_2i_4_2.counts,cell
ola_mES_2i_4_20.counts,cell
ola_mES_2i_4_21.counts,cell
ola_mES_2i_4_22.counts,cell
ola_mES_2i_4_23.counts,cell
ola_mES_2i_4_24.counts,cell
ola_mES_2i_4_25.counts,cell
ola_mES_2i_4_26.counts,cell
ola_mES_2i_4_27.counts,cell
ola_mES_2i_4_28.counts,cell
ola_mES_2i_4_29.counts,cell
ola_mES_2i_4_3.counts,damaged
ola_mES_2i_4_30.counts,cell
ola_mES_2i_4_31.counts,cell
ola_mES_2i_4_32.counts,cell
ola_mES_2i_4_33.counts,cell
ola_mES_2i_4_34.counts,cell
ola_mES_2i_4_35.counts,cell
ola_mES_2i_4_36.counts,cell
ola_mES_2i_4_37.counts,cell
ola_mES_2i_4_38.counts,cell
ola_mES_2i_4_39.counts,cell
ola_mES_2i_4_4.counts,cell
ola_mES_2i_4_40.counts,cell
ola_mES_2i_4_41.counts,damaged
ola_mES_2i_4_42.counts,cell
ola_mES_2i_4_43.counts,cell
ola_mES_2i_4_44.counts,cell
ola_mES_2i_4_45.counts,damaged
ola_mES_2i_4_46.counts,cell
ola_mES_2i_4_47.counts,damaged
ola_mES_2i_4_48.counts,cell
ola_mES_2i_4_49.counts,cell
ola_mES_2i_4_5.counts,cell
ola_mES_2i_4_50.counts,cell
ola_mES_2i_4_51.counts,damaged
ola_mES_2i_4_52.counts,cell
ola_mES_2i_4_53.counts,cell
ola_mES_2i_4_54.counts,cell
ola_mES_2i_4_55.counts,damaged
ola_mES_2i_4_56.counts,cell
ola_mES_2i_4_57.counts,cell
ola_mES_2i_4_58.counts,cell
ola_mES_2i_4_59.counts,cell
ola_mES_2i_4_6.counts,cell
ola_mES_2i_4_60.counts,cell
ola_mES_2i_4_61.counts,cell
ola_mES_2i_4_62.counts,cell
ola_mES_2i_4_63.counts,cell
ola_mES_2i_4_64.counts,cell
ola_mES_2i_4_65.counts,cell
ola_mES_2i_4_66.counts,cell
ola_mES_2i_4_67.counts,cell
ola_mES_2i_4_68.counts,damaged
ola_mES_2i_4_69.counts,cell
ola_mES_2i_4_7.counts,cell
ola_mES_2i_4_70.counts,cell
ola_mES_2i_4_71.counts,cell
ola_mES_2i_4_72.counts,cell
ola_mES_2i_4_73.counts,cell
ola_mES_2i_4_74.counts,cell
ola_mES_2i_4_75.counts,cell
ola_mES_2i_4_76.counts,damaged
ola_mES_2i_4_77.counts,cell
ola_mES_2i_4_78.counts,cell
ola_mES_2i_4_79.counts,damaged
ola_mES_2i_4_8.counts,damaged
ola_mES_2i_4_80.counts,cell
ola_mES_2i_4_81.counts,cell
ola_mES_2i_4_82.counts,cell
ola_mES_2i_4_83.counts,cell
ola_mES_2i_4_84.counts,cell
ola_mES_2i_4_85.counts,damaged
ola_mES_2i_4_86.counts,damaged
ola_mES_2i_4_87.counts,cell
ola_mES_2i_4_88.counts,cell
ola_mES_2i_4_89.counts,cell
ola_mES_2i_4_9.counts,cell
ola_mES_2i_4_90.counts,cell
ola_mES_2i_4_91.counts,cell
ola_mES_2i_4_92.counts,cell
ola_mES_2i_4_93.counts,damaged
ola_mES_2i_4_94.counts,cell
ola_mES_2i_4_95.counts,cell
ola_mES_2i_4_96.counts,cell
ola_mES_2i_5_1.counts,cell
ola_mES_2i_5_10.counts,cell
ola_mES_2i_5_11.counts,cell
ola_mES_2i_5_12.counts,cell
ola_mES_2i_5_13.counts,cell
ola_mES_2i_5_14.counts,cell
ola_mES_2i_5_15.counts,cell
ola_mES_2i_5_16.counts,cell
ola_mES_2i_5_17.counts,cell
ola_mES_2i_5_18.counts,cell
ola_mES_2i_5_19.counts,cell
ola_mES_2i_5_2.counts,cell
ola_mES_2i_5_20.counts,cell
ola_mES_2i_5_21.counts,cell
ola_mES_2i_5_22.counts,damaged
ola_mES_2i_5_23.counts,cell
ola_mES_2i_5_24.counts,cell
ola_mES_2i_5_25.counts,cell
ola_mES_2i_5_26.counts,cell
ola_mES_2i_5_27.counts,cell
ola_mES_2i_5_28.counts,cell
ola_mES_2i_5_29.counts,cell
ola_mES_2i_5_3.counts,cell
ola_mES_2i_5_30.counts,cell
ola_mES_2i_5_31.counts,cell
ola_mES_2i_5_32.counts,cell
ola_mES_2i_5_33.counts,damaged
ola_mES_2i_5_34.counts,cell
ola_mES_2i_5_35.counts,cell
ola_mES_2i_5_36.counts,cell
ola_mES_2i_5_37.counts,cell
ola_mES_2i_5_38.counts,cell
ola_mES_2i_5_39.counts,cell
ola_mES_2i_5_4.counts,cell
ola_mES_2i_5_40.counts,cell
ola_mES_2i_5_41.counts,cell
ola_mES_2i_5_42.counts,cell
ola_mES_2i_5_43.counts,cell
ola_mES_2i_5_44.counts,cell
ola_mES_2i_5_45.counts,cell
ola_mES_2i_5_46.counts,cell
ola_mES_2i_5_47.counts,cell
ola_mES_2i_5_48.counts,cell
ola_mES_2i_5_49.counts,cell
ola_mES_2i_5_5.counts,cell
ola_mES_2i_5_50.counts,damaged
ola_mES_2i_5_51.counts,cell
ola_mES_2i_5_52.counts,cell
ola_mES_2i_5_53.counts,cell
ola_mES_2i_5_54.counts,cell
ola_mES_2i_5_55.counts,cell
ola_mES_2i_5_56.counts,cell
ola_mES_2i_5_57.counts,cell
ola_mES_2i_5_58.counts,cell
ola_mES_2i_5_59.counts,cell
ola_mES_2i_5_6.counts,cell
ola_mES_2i_5_60.counts,damaged
ola_mES_2i_5_61.counts,cell
ola_mES_2i_5_62.counts,cell
ola_mES_2i_5_63.counts,cell
ola_mES_2i_5_64.counts,cell
ola_mES_2i_5_65.counts,cell
ola_mES_2i_5_66.counts,cell
ola_mES_2i_5_67.counts,cell
ola_mES_2i_5_68.counts,cell
ola_mES_2i_5_69.counts,cell
ola_mES_2i_5_7.counts,cell
ola_mES_2i_5_70.counts,cell
ola_mES_2i_5_71.counts,cell
ola_mES_2i_5_72.counts,cell
ola_mES_2i_5_73.counts,cell
ola_mES_2i_5_74.counts,cell
ola_mES_2i_5_75.counts,damaged
ola_mES_2i_5_76.counts,cell
ola_mES_2i_5_77.counts,cell
ola_mES_2i_5_78.counts,cell
ola_mES_2i_5_79.counts,damaged
ola_mES_2i_5_8.counts,cell
ola_mES_2i_5_80.counts,damaged
ola_mES_2i_5_81.counts,cell
ola_mES_2i_5_82.counts,cell
ola_mES_2i_5_83.counts,cell
ola_mES_2i_5_84.counts,cell
ola_mES_2i_5_85.counts,cell
ola_mES_2i_5_86.counts,cell
ola_mES_2i_5_87.counts,cell
ola_mES_2i_5_88.counts,cell
ola_mES_2i_5_89.counts,cell
ola_mES_2i_5_9.counts,cell
ola_mES_2i_5_90.counts,cell
ola_mES_2i_5_91.counts,cell
ola_mES_2i_5_92.counts,cell
ola_mES_2i_5_93.counts,damaged
ola_mES_2i_5_94.counts,cell
ola_mES_2i_5_95.counts,cell
ola_mES_2i_5_96.counts,cell
ola_mES_a2i_2_1.counts,cell
ola_mES_a2i_2_10.counts,cell
ola_mES_a2i_2_11.counts,cell
ola_mES_a2i_2_12.counts,cell
ola_mES_a2i_2_13.counts,cell
ola_mES_a2i_2_14.counts,cell
ola_mES_a2i_2_15.counts,cell
ola_mES_a2i_2_16.counts,cell
ola_mES_a2i_2_17.counts,cell
ola_mES_a2i_2_18.counts,cell
ola_mES_a2i_2_19.counts,cell
ola_mES_a2i_2_2.counts,cell
ola_mES_a2i_2_20.counts,cell
ola_mES_a2i_2_21.counts,cell
ola_mES_a2i_2_22.counts,cell
ola_mES_a2i_2_23.counts,cell
ola_mES_a2i_2_24.counts,cell
ola_mES_a2i_2_25.counts,damaged
ola_mES_a2i_2_26.counts,cell
ola_mES_a2i_2_27.counts,cell
ola_mES_a2i_2_28.counts,cell
ola_mES_a2i_2_29.counts,cell
ola_mES_a2i_2_3.counts,cell
ola_mES_a2i_2_30.counts,cell
ola_mES_a2i_2_31.counts,cell
ola_mES_a2i_2_32.counts,cell
ola_mES_a2i_2_33.counts,cell
ola_mES_a2i_2_34.counts,cell
ola_mES_a2i_2_35.counts,cell
ola_mES_a2i_2_36.counts,cell
ola_mES_a2i_2_37.counts,cell
ola_mES_a2i_2_38.counts,cell
ola_mES_a2i_2_39.counts,cell
ola_mES_a2i_2_4.counts,cell
ola_mES_a2i_2_40.counts,cell
ola_mES_a2i_2_41.counts,cell
ola_mES_a2i_2_42.counts,cell
ola_mES_a2i_2_43.counts,cell
ola_mES_a2i_2_44.counts,cell
ola_mES_a2i_2_45.counts,cell
ola_mES_a2i_2_46.counts,cell
ola_mES_a2i_2_47.counts,cell
ola_mES_a2i_2_48.counts,cell
ola_mES_a2i_2_49.counts,cell
ola_mES_a2i_2_5.counts,cell
ola_mES_a2i_2_50.counts,cell
ola_mES_a2i_2_51.counts,cell
ola_mES_a2i_2_52.counts,cell
ola_mES_a2i_2_53.counts,cell
ola_mES_a2i_2_54.counts,cell
ola_mES_a2i_2_55.counts,cell
ola_mES_a2i_2_56.counts,cell
ola_mES_a2i_2_57.counts,cell
ola_mES_a2i_2_58.counts,damaged
ola_mES_a2i_2_59.counts,cell
ola_mES_a2i_2_6.counts,cell
ola_mES_a2i_2_60.counts,cell
ola_mES_a2i_2_61.counts,cell
ola_mES_a2i_2_62.counts,cell
ola_mES_a2i_2_63.counts,cell
ola_mES_a2i_2_64.counts,cell
ola_mES_a2i_2_65.counts,cell
ola_mES_a2i_2_66.counts,cell
ola_mES_a2i_2_67.counts,cell
ola_mES_a2i_2_68.counts,cell
ola_mES_a2i_2_69.counts,cell
ola_mES_a2i_2_7.counts,cell
ola_mES_a2i_2_70.counts,cell
ola_mES_a2i_2_71.counts,cell
ola_mES_a2i_2_72.counts,cell
ola_mES_a2i_2_73.counts,cell
ola_mES_a2i_2_74.counts,cell
ola_mES_a2i_2_75.counts,cell
ola_mES_a2i_2_76.counts,cell
ola_mES_a2i_2_77.counts,cell
ola_mES_a2i_2_78.counts,cell
ola_mES_a2i_2_79.counts,damaged
ola_mES_a2i_2_8.counts,damaged
ola_mES_a2i_2_80.counts,cell
ola_mES_a2i_2_81.counts,cell
ola_mES_a2i_2_82.counts,cell
ola_mES_a2i_2_83.counts,cell
ola_mES_a2i_2_84.counts,cell
ola_mES_a2i_2_85.counts,damaged
ola_mES_a2i_2_86.counts,damaged
ola_mES_a2i_2_87.counts,cell
ola_mES_a2i_2_88.counts,cell
ola_mES_a2i_2_89.counts,cell
ola_mES_a2i_2_9.counts,cell
ola_mES_a2i_2_90.counts,cell
ola_mES_a2i_2_91.counts,cell
ola_mES_a2i_2_92.counts,cell
ola_mES_a2i_2_93.counts,cell
ola_mES_a2i_2_94.counts,cell
ola_mES_a2i_2_95.counts,cell
ola_mES_a2i_2_96.counts,cell
ola_mES_a2i_3_1.counts,damaged
ola_mES_a2i_3_10.counts,cell
ola_mES_a2i_3_11.counts,cell
ola_mES_a2i_3_12.counts,cell
ola_mES_a2i_3_13.counts,cell
ola_mES_a2i_3_14.counts,cell
ola_mES_a2i_3_15.counts,damaged
ola_mES_a2i_3_16.counts,damaged
ola_mES_a2i_3_17.counts,cell
ola_mES_a2i_3_18.counts,cell
ola_mES_a2i_3_19.counts,cell
ola_mES_a2i_3_2.counts,cell
ola_mES_a2i_3_20.counts,cell
ola_mES_a2i_3_21.counts,cell
ola_mES_a2i_3_22.counts,cell
ola_mES_a2i_3_23.counts,damaged
ola_mES_a2i_3_24.counts,cell
ola_mES_a2i_3_25.counts,cell
ola_mES_a2i_3_26.counts,damaged
ola_mES_a2i_3_27.counts,cell
ola_mES_a2i_3_28.counts,cell
ola_mES_a2i_3_29.counts,cell
ola_mES_a2i_3_3.counts,cell
ola_mES_a2i_3_30.counts,cell
ola_mES_a2i_3_31.counts,cell
ola_mES_a2i_3_32.counts,damaged
ola_mES_a2i_3_33.counts,cell
ola_mES_a2i_3_34.counts,damaged
ola_mES_a2i_3_35.counts,damaged
ola_mES_a2i_3_36.counts,damaged
ola_mES_a2i_3_37.counts,cell
ola_mES_a2i_3_38.counts,cell
ola_mES_a2i_3_39.counts,cell
ola_mES_a2i_3_4.counts,cell
ola_mES_a2i_3_40.counts,cell
ola_mES_a2i_3_41.counts,damaged
ola_mES_a2i_3_42.counts,cell
ola_mES_a2i_3_43.counts,damaged
ola_mES_a2i_3_44.counts,cell
ola_mES_a2i_3_45.counts,cell
ola_mES_a2i_3_46.counts,cell
ola_mES_a2i_3_47.counts,cell
ola_mES_a2i_3_48.counts,damaged
ola_mES_a2i_3_49.counts,cell
ola_mES_a2i_3_5.counts,damaged
ola_mES_a2i_3_50.counts,cell
ola_mES_a2i_3_51.counts,damaged
ola_mES_a2i_3_52.counts,cell
ola_mES_a2i_3_53.counts,cell
ola_mES_a2i_3_54.counts,damaged
ola_mES_a2i_3_55.counts,cell
ola_mES_a2i_3_56.counts,cell
ola_mES_a2i_3_57.counts,damaged
ola_mES_a2i_3_58.counts,cell
ola_mES_a2i_3_59.counts,cell
ola_mES_a2i_3_6.counts,cell
ola_mES_a2i_3_60.counts,damaged
ola_mES_a2i_3_61.counts,damaged
ola_mES_a2i_3_62.counts,cell
ola_mES_a2i_3_63.counts,cell
ola_mES_a2i_3_64.counts,cell
ola_mES_a2i_3_65.counts,cell
ola_mES_a2i_3_66.counts,cell
ola_mES_a2i_3_67.counts,cell
ola_mES_a2i_3_68.counts,cell
ola_mES_a2i_3_69.counts,damaged
ola_mES_a2i_3_7.counts,cell
ola_mES_a2i_3_70.counts,cell
ola_mES_a2i_3_71.counts,cell
ola_mES_a2i_3_72.counts,damaged
ola_mES_a2i_3_73.counts,cell
ola_mES_a2i_3_74.counts,damaged
ola_mES_a2i_3_75.counts,cell
ola_mES_a2i_3_76.counts,cell
ola_mES_a2i_3_77.counts,cell
ola_mES_a2i_3_78.counts,damaged
ola_mES_a2i_3_79.counts,damaged
ola_mES_a2i_3_8.counts,damaged
ola_mES_a2i_3_80.counts,cell
ola_mES_a2i_3_81.counts,cell
ola_mES_a2i_3_82.counts,cell
ola_mES_a2i_3_83.counts,cell
ola_mES_a2i_3_84.counts,cell
ola_mES_a2i_3_85.counts,cell
ola_mES_a2i_3_86.counts,cell
ola_mES_a2i_3_87.counts,damaged
ola_mES_a2i_3_88.counts,damaged
ola_mES_a2i_3_89.counts,cell
ola_mES_a2i_3_9.counts,cell
ola_mES_a2i_3_90.counts,cell
ola_mES_a2i_3_91.counts,cell
ola_mES_a2i_3_92.counts,cell
ola_mES_a2i_3_93.counts,damaged
ola_mES_a2i_3_94.counts,damaged
ola_mES_a2i_3_95.counts,cell
ola_mES_a2i_3_96.counts,cell
ola_mES_lif_1_1.counts,cell
ola_mES_lif_1_10.counts,cell
ola_mES_lif_1_11.counts,cell
ola_mES_lif_1_12.counts,cell
ola_mES_lif_1_13.counts,cell
ola_mES_lif_1_14.counts,cell
ola_mES_lif_1_15.counts,cell
ola_mES_lif_1_16.counts,damaged
ola_mES_lif_1_17.counts,cell
ola_mES_lif_1_18.counts,cell
ola_mES_lif_1_19.counts,cell
ola_mES_lif_1_2.counts,cell
ola_mES_lif_1_20.counts,cell
ola_mES_lif_1_21.counts,cell
ola_mES_lif_1_22.counts,cell
ola_mES_lif_1_23.counts,cell
ola_mES_lif_1_24.counts,cell
ola_mES_lif_1_25.counts,cell
ola_mES_lif_1_26.counts,cell
ola_mES_lif_1_27.counts,cell
ola_mES_lif_1_28.counts,cell
ola_mES_lif_1_29.counts,cell
ola_mES_lif_1_3.counts,cell
ola_mES_lif_1_30.counts,cell
ola_mES_lif_1_31.counts,cell
ola_mES_lif_1_32.counts,cell
ola_mES_lif_1_33.counts,cell
ola_mES_lif_1_34.counts,cell
ola_mES_lif_1_35.counts,cell
ola_mES_lif_1_36.counts,cell
ola_mES_lif_1_37.counts,cell
ola_mES_lif_1_38.counts,cell
ola_mES_lif_1_39.counts,cell
ola_mES_lif_1_4.counts,cell
ola_mES_lif_1_40.counts,damaged
ola_mES_lif_1_41.counts,cell
ola_mES_lif_1_42.counts,cell
ola_mES_lif_1_43.counts,cell
ola_mES_lif_1_44.counts,cell
ola_mES_lif_1_45.counts,cell
ola_mES_lif_1_46.counts,cell
ola_mES_lif_1_47.counts,cell
ola_mES_lif_1_48.counts,cell
ola_mES_lif_1_49.counts,cell
ola_mES_lif_1_5.counts,cell
ola_mES_lif_1_50.counts,cell
ola_mES_lif_1_51.counts,cell
ola_mES_lif_1_52.counts,cell
ola_mES_lif_1_53.counts,cell
ola_mES_lif_1_54.counts,cell
ola_mES_lif_1_55.counts,cell
ola_mES_lif_1_56.counts,cell
ola_mES_lif_1_57.counts,cell
ola_mES_lif_1_58.counts,cell
ola_mES_lif_1_59.counts,cell
ola_mES_lif_1_6.counts,cell
ola_mES_lif_1_60.counts,cell
ola_mES_lif_1_61.counts,cell
ola_mES_lif_1_62.counts,cell
ola_mES_lif_1_63.counts,cell
ola_mES_lif_1_64.counts,cell
ola_mES_lif_1_65.counts,cell
ola_mES_lif_1_66.counts,cell
ola_mES_lif_1_67.counts,cell
ola_mES_lif_1_68.counts,cell
ola_mES_lif_1_69.counts,cell
ola_mES_lif_1_7.counts,cell
ola_mES_lif_1_70.counts,cell
ola_mES_lif_1_71.counts,damaged
ola_mES_lif_1_72.counts,cell
ola_mES_lif_1_73.counts,cell
ola_mES_lif_1_74.counts,cell
ola_mES_lif_1_75.counts,cell
ola_mES_lif_1_76.counts,damaged
ola_mES_lif_1_77.counts,damaged
ola_mES_lif_1_78.counts,damaged
ola_mES_lif_1_79.counts,cell
ola_mES_lif_1_8.counts,cell
ola_mES_lif_1_80.counts,cell
ola_mES_lif_1_81.counts,cell
ola_mES_lif_1_82.counts,cell
ola_mES_lif_1_83.counts,damaged
ola_mES_lif_1_84.counts,cell
ola_mES_lif_1_85.counts,damaged
ola_mES_lif_1_86.counts,cell
ola_mES_lif_1_87.counts,damaged
ola_mES_lif_1_88.counts,damaged
ola_mES_lif_1_89.counts,damaged
ola_mES_lif_1_9.counts,cell
ola_mES_lif_1_90.counts,damaged
ola_mES_lif_1_91.counts,cell
ola_mES_lif_1_92.counts,cell
ola_mES_lif_1_93.counts,cell
ola_mES_lif_1_94.counts,damaged
ola_mES_lif_1_95.counts,cell
ola_mES_lif_1_96.counts,cell
ola_mES_lif_2_1.counts,cell
ola_mES_lif_2_10.counts,cell
ola_mES_lif_2_11.counts,cell
ola_mES_lif_2_12.counts,cell
ola_mES_lif_2_13.counts,cell
ola_mES_lif_2_14.counts,cell
ola_mES_lif_2_15.counts,cell
ola_mES_lif_2_16.counts,cell
ola_mES_lif_2_17.counts,cell
ola_mES_lif_2_18.counts,cell
ola_mES_lif_2_19.counts,cell
ola_mES_lif_2_2.counts,cell
ola_mES_lif_2_20.counts,cell
ola_mES_lif_2_21.counts,cell
ola_mES_lif_2_22.counts,cell
ola_mES_lif_2_23.counts,cell
ola_mES_lif_2_24.counts,cell
ola_mES_lif_2_25.counts,cell
ola_mES_lif_2_26.counts,cell
ola_mES_lif_2_27.counts,cell
ola_mES_lif_2_28.counts,cell
ola_mES_lif_2_29.counts,cell
ola_mES_lif_2_3.counts,cell
ola_mES_lif_2_30.counts,cell
ola_mES_lif_2_31.counts,cell
ola_mES_lif_2_32.counts,cell
ola_mES_lif_2_33.counts,cell
ola_mES_lif_2_34.counts,cell
ola_mES_lif_2_35.counts,cell
ola_mES_lif_2_36.counts,cell
ola_mES_lif_2_37.counts,cell
ola_mES_lif_2_38.counts,cell
ola_mES_lif_2_39.counts,cell
ola_mES_lif_2_4.counts,cell
ola_mES_lif_2_40.counts,cell
ola_mES_lif_2_41.counts,cell
ola_mES_lif_2_42.counts,cell
ola_mES_lif_2_43.counts,cell
ola_mES_lif_2_44.counts,cell
ola_mES_lif_2_45.counts,cell
ola_mES_lif_2_46.counts,cell
ola_mES_lif_2_47.counts,cell
ola_mES_lif_2_48.counts,cell
ola_mES_lif_2_49.counts,cell
ola_mES_lif_2_5.counts,cell
ola_mES_lif_2_50.counts,cell
ola_mES_lif_2_51.counts,cell
ola_mES_lif_2_52.counts,cell
ola_mES_lif_2_53.counts,cell
ola_mES_lif_2_54.counts,cell
ola_mES_lif_2_55.counts,cell
ola_mES_lif_2_56.counts,cell
ola_mES_lif_2_57.counts,cell
ola_mES_lif_2_58.counts,cell
ola_mES_lif_2_59.counts,cell
ola_mES_lif_2_6.counts,cell
ola_mES_lif_2_60.counts,cell
ola_mES_lif_2_61.counts,cell
ola_mES_lif_2_62.counts,damaged
ola_mES_lif_2_63.counts,cell
ola_mES_lif_2_64.counts,cell
ola_mES_lif_2_65.counts,cell
ola_mES_lif_2_66.counts,cell
ola_mES_lif_2_67.counts,cell
ola_mES_lif_2_68.counts,cell
ola_mES_lif_2_69.counts,cell
ola_mES_lif_2_7.counts,cell
ola_mES_lif_2_70.counts,cell
ola_mES_lif_2_71.counts,cell
ola_mES_lif_2_72.counts,cell
ola_mES_lif_2_73.counts,cell
ola_mES_lif_2_74.counts,cell
ola_mES_lif_2_75.counts,cell
ola_mES_lif_2_76.counts,cell
ola_mES_lif_2_77.counts,cell
ola_mES_lif_2_78.counts,cell
ola_mES_lif_2_79.counts,cell
ola_mES_lif_2_8.counts,cell
ola_mES_lif_2_80.counts,cell
ola_mES_lif_2_81.counts,cell
ola_mES_lif_2_82.counts,cell
ola_mES_lif_2_83.counts,cell
ola_mES_lif_2_84.counts,cell
ola_mES_lif_2_85.counts,cell
ola_mES_lif_2_86.counts,cell
ola_mES_lif_2_87.counts,cell
ola_mES_lif_2_88.counts,damaged
ola_mES_lif_2_89.counts,cell
ola_mES_lif_2_9.counts,cell
ola_mES_lif_2_90.counts,cell
ola_mES_lif_2_91.counts,cell
ola_mES_lif_2_92.counts,cell
ola_mES_lif_2_93.counts,cell
ola_mES_lif_2_94.counts,cell
ola_mES_lif_2_95.counts,cell
ola_mES_lif_2_96.counts,cell
ola_mES_lif_3_1.counts,cell
ola_mES_lif_3_10.counts,cell
ola_mES_lif_3_11.counts,cell
ola_mES_lif_3_12.counts,cell
ola_mES_lif_3_13.counts,cell
ola_mES_lif_3_14.counts,cell
ola_mES_lif_3_15.counts,cell
ola_mES_lif_3_16.counts,cell
ola_mES_lif_3_17.counts,cell
ola_mES_lif_3_18.counts,cell
ola_mES_lif_3_19.counts,cell
ola_mES_lif_3_2.counts,damaged
ola_mES_lif_3_20.counts,cell
ola_mES_lif_3_21.counts,damaged
ola_mES_lif_3_22.counts,cell
ola_mES_lif_3_23.counts,cell
ola_mES_lif_3_24.counts,cell
ola_mES_lif_3_25.counts,damaged
ola_mES_lif_3_26.counts,cell
ola_mES_lif_3_27.counts,cell
ola_mES_lif_3_28.counts,cell
ola_mES_lif_3_29.counts,cell
ola_mES_lif_3_3.counts,cell
ola_mES_lif_3_30.counts,cell
ola_mES_lif_3_31.counts,cell
ola_mES_lif_3_32.counts,cell
ola_mES_lif_3_33.counts,cell
ola_mES_lif_3_34.counts,damaged
ola_mES_lif_3_35.counts,cell
ola_mES_lif_3_36.counts,cell
ola_mES_lif_3_37.counts,cell
ola_mES_lif_3_38.counts,damaged
ola_mES_lif_3_39.counts,cell
ola_mES_lif_3_4.counts,cell
ola_mES_lif_3_40.counts,cell
ola_mES_lif_3_41.counts,damaged
ola_mES_lif_3_42.counts,cell
ola_mES_lif_3_43.counts,damaged
ola_mES_lif_3_44.counts,damaged
ola_mES_lif_3_45.counts,cell
ola_mES_lif_3_46.counts,cell
ola_mES_lif_3_47.counts,cell
ola_mES_lif_3_48.counts,cell
ola_mES_lif_3_49.counts,cell
ola_mES_lif_3_5.counts,cell
ola_mES_lif_3_50.counts,cell
ola_mES_lif_3_51.counts,cell
ola_mES_lif_3_52.counts,cell
ola_mES_lif_3_53.counts,cell
ola_mES_lif_3_54.counts,cell
ola_mES_lif_3_55.counts,damaged
ola_mES_lif_3_56.counts,cell
ola_mES_lif_3_57.counts,cell
ola_mES_lif_3_58.counts,cell
ola_mES_lif_3_59.counts,damaged
ola_mES_lif_3_6.counts,cell
ola_mES_lif_3_60.counts,cell
ola_mES_lif_3_61.counts,cell
ola_mES_lif_3_62.counts,cell
ola_mES_lif_3_63.counts,cell
ola_mES_lif_3_64.counts,cell
ola_mES_lif_3_65.counts,cell
ola_mES_lif_3_66.counts,cell
ola_mES_lif_3_67.counts,cell
ola_mES_lif_3_68.counts,cell
ola_mES_lif_3_69.counts,cell
ola_mES_lif_3_7.counts,cell
ola_mES_lif_3_70.counts,cell
ola_mES_lif_3_71.counts,cell
ola_mES_lif_3_72.counts,cell
ola_mES_lif_3_73.counts,cell
ola_mES_lif_3_74.counts,cell
ola_mES_lif_3_75.counts,cell
ola_mES_lif_3_76.counts,damaged
ola_mES_lif_3_77.counts,cell
ola_mES_lif_3_78.counts,cell
ola_mES_lif_3_79.counts,damaged
ola_mES_lif_3_8.counts,cell
ola_mES_lif_3_80.counts,cell
ola_mES_lif_3_81.counts,damaged
ola_mES_lif_3_82.counts,cell
ola_mES_lif_3_83.counts,cell
ola_mES_lif_3_84.counts,cell
ola_mES_lif_3_85.counts,cell
ola_mES_lif_3_86.counts,damaged
ola_mES_lif_3_87.counts,cell
ola_mES_lif_3_88.counts,cell
ola_mES_lif_3_89.counts,cell
ola_mES_lif_3_9.counts,cell
ola_mES_lif_3_90.counts,damaged
ola_mES_lif_3_91.counts,damaged
ola_mES_lif_3_92.counts,damaged
ola_mES_lif_3_93.counts,cell
ola_mES_lif_3_94.counts,cell
ola_mES_lif_3_95.counts,damaged
ola_mES_lif_3_96.counts,cell
