GGCTCGACATCTACGA,damaged
GCGACCAAGAATCTCC,cell
GGAATAATCTTAACCT,cell
TGGGAAGGTCGAACAG,cell
ACTATCTAGAGGTAGA,damaged
GCATGATCACTCTGTC,cell
TCGGGACTCGCCATAA,cell
CGCGGTAGTATATGGA,cell
GACCAATCATCGACGC,cell
CCTAAAGGTTTCGCTC,damaged
CCCAATCGTGAGTATA,cell
ATCCACCAGACGCTTT,cell
ACGCAGCTCACGACTA,cell
TTAACTCGTTAAAGAC,cell
CGGAGCTGTTGTGGAG,cell
TTCTCAAAGTTTCCTT,damaged
CTCGAGGGTTCCCGAG,cell
GGATTACAGTGGGCTA,damaged
TTTGTCAGTTATTCTC,cell
ATAGACCCACGTCAGC,cell
TTGCCGTAGATGTCGG,damaged
CTGCTGTGTCGGCTCA,damaged
CCTTTCTTCGTTGACA,damaged
AGTAGTCCATGGATGG,damaged
GACACGCAGCCCAACC,damaged
CAACCAATCCAGTATG,damaged
GCCAAATTCGTCTGAA,damaged
GCCTCTATCATGCTCC,damaged
TCAGGTACACATAACC,damaged
ATCCGAACAGTGGAGT,damaged
GTACGTATCCTGCAGG,damaged
CTGCTGTCACCGATAT,damaged
TCGTAGACAAATACAG,damaged
CCGGGATAGCCCAATT,damaged
GAAGCAGAGCGTAATA,damaged
CCATTCGAGATGTCGG,damaged
TAGTGGTAGATATGCA,cell
CCTAAAGGTGTGTGCC,damaged
AGAGCTTCATTCTCAT,damaged
CTGTGCTAGATGTTAG,cell
GCGGGTTCAAGTTGTC,damaged
ACTGTCCGTTTAAGCC,damaged
TGCGCAGTCTGTCCGT,damaged
ATCCGAATCTGCCCTA,damaged
CAAGTTGCATCCTAGA,damaged
CGTTGGGCAAACCTAC,damaged
GTTCATTAGGTGTTAA,damaged
AACCGCGGTCTGCAAT,damaged
GGATGTTGTCACCTAA,damaged
CCACTACGTTGACGTT,damaged
CATGCCTTCAACCAAC,damaged
CATCGGGAGAGTAATC,damaged
AATCCAGGTGTTTGGT,damaged
ACTTGTTCATGGTCTA,damaged
GTCTTCGGTACCAGTT,damaged
GATCGATAGCTCCTTC,damaged
CATATTCAGCGTGTCC,damaged
AGAGCGATCAACACTG,damaged
ACTGATGCATGGATGG,cell
ACATCAGGTCCGACGT,cell
CAGTAACTCAGATAAG,cell
CGTAGGCCAATGGAGC,cell
TGCGTGGTCGGAAACG,cell
CACACTCGTTCCACTC,cell
GCTTCCAAGCTAGTTC,cell
AACTTTCTCCTGCCAT,cell
CACATAGTCGTGACAT,cell
TGACTTTTCCGCAAGC,cell
TAAGAGAAGGCTATCT,damaged
GGGAATGCATAAAGGT,cell
CACAGGCTCACCAGGC,cell
GTCACGGAGTATTGGA,cell
CAAGGCCCATGTAGTC,cell
GTGGGTCAGGTAGCTG,cell
AAGGCAGAGGGCTTCC,cell
AGCATACCAATCGAAA,cell
ACATGGTCAGTAAGAT,cell
GACGGCTTCCAATGGT,cell
CAAGGCCAGTCAAGCG,cell
TTGTAGGAGCTAAGAT,cell
AGAATAGTCAACCAAC,cell
CATATTCAGATGTTAG,damaged
CTAAGACGTTCACCTC,cell
ACATGGTTCCGAATGT,cell
GCTGCGAGTGATAAGT,cell
CATCGAAGTTACCGAT,cell
CCCAATCTCGTTTAGG,cell
GATGAAACAGCGTTCG,cell
TTCTACAAGAATCTCC,cell
AATCGGTTCAGTACGT,cell
ACGATGTGTGCGAAAC,cell
ACTGAGTAGTACTTGC,cell
GTAGGCCAGTGGGATC,cell
TGAGCCGGTCCAGTTA,damaged
GTGTGCGTCTCAACTT,cell
TCATTACTCCTTAATC,cell
CTACCCAAGCCCAATT,cell
TCAGATGGTTCGCTAA,damaged
CCACGGATCCTCTAGC,cell
TCAGCTCAGCGTCTAT,cell
AGTGAGGAGCCAGTAG,cell
CAGAGAGGTAGCACGA,damaged
CAGCAGCAGCTGGAAC,cell
TATCAGGGTGCCTGGT,damaged
ACACCGGGTGTCTGAT,cell
TGAAAGACAAGCGATG,cell
TAGAGCTGTTCACGGC,cell
ACGATGTCAGACGCAA,cell
GGGATGATCACCACCT,cell
CGAATGTTCGTCCAGG,cell
CGGCTAGGTCTCTTAT,cell
CGTTGGGGTAATAGCA,cell
AGAATAGTCCTAAGTG,cell
ACGGAGAGTCTAAAGA,cell
CCATGTCAGTATTGGA,cell
AAAGCAAGTGCAGGTA,cell
TGCCCTAAGACAATAC,cell
ATGTGTGCATCCCATC,cell
CTGCTGTAGGGTCGAT,cell
TCGCGAGAGCCAACAG,cell
AGAATAGTCGCGTTTC,cell
AGCATACCAATCAGAA,cell
GGACAAGGTCTACCTC,cell
GGCTGGTCAGGGTATG,cell
GATGCTAAGCTACCTA,cell
TTGCCGTGTGCCTGCA,cell
CTCGTCACACCGATAT,cell
CCCAATCTCATGGTCA,cell
CGTGTAACACACAGAG,damaged
GATGCTACATAAAGGT,cell
TACTTACAGAGAACAG,cell
CTTTGCGAGACTACAA,cell
TCTGGAAAGTGGGCTA,cell
TACCTATCACCTTGTC,cell
GAACATCTCCAGATCA,cell
CTCGAAAAGTGATCGG,cell
TAAGAGAAGGTGTGGT,cell
GTTCATTAGATGTAAC,cell
AAGTCTGCACCTCGTT,cell
GCTGCTTCACAAGTAA,cell
CCTAGCTAGTGCAAGC,cell
CACACTCCAAGGGTCA,cell
TGGACGCGTGTATGGG,cell
CTTACCGGTGCGATAG,cell
GAACGGAAGGTGGGTT,cell
TATTACCCAGCTGGCT,damaged
AGCAGCCTCCAGGGCT,cell
GACACGCAGCGCTTAT,damaged
TGTCCCACAATGGAAT,cell
AGTCTTTGTCTAGAGG,cell
TTGGAACCATGGGACA,damaged
TTTCCTCAGTTTAGGA,cell
CCAATCCGTGAGGCTA,cell
TGTCCCAAGAAGGCCT,cell
CTACCCAGTAGAGTGC,cell
TCAGCTCAGTCCTCCT,cell
GTCCTCAAGGTAGCTG,cell
TTGGCAAGTCGAGATG,damaged
ACACCGGCATTCCTGC,cell
ACCGTAATCGTTTGCC,cell
TGGCTGGGTTGACGTT,cell
GACACGCCACCTATCC,cell
TCGTACCCAACGATGG,cell
AAGGAGCCAAGACGTG,cell
GCACTCTAGAGTAAGG,cell
CAACCTCGTCGCTTCT,cell
ACTTGTTTCTGACCTC,cell
CGGACGTGTAAAGTCA,cell
TGAAAGATCAGAGCTT,damaged
TTGCCGTAGTAACCCT,cell
TTTCCTCGTCAGATAA,cell
CACCACTAGGGAGTAA,cell
TAGTTGGCACCTTGTC,cell
GGATGTTGTCCAGTGC,cell
CTTTGCGAGCTGCGAA,cell
GTGCAGCTCAATACCG,cell
GCTCCTAAGCATGGCA,cell
GATCGATCACTGTCGG,cell
GACGCGTGTGCGCTTG,cell
AGGTCCGTCGTTTATC,cell
AACCATGTCCTGCTTG,cell
TCTGAGACAAGCGCTC,cell
ACGGGTCAGAGTACAT,cell
CACACAACAGTCACTA,damaged
ACCGTAAGTCCAGTAT,cell
CAAGAAAGTGCATCTA,cell
CGATGTAAGTCGCCGT,cell
TCATTTGGTCACTGGC,cell
GTCGTAAGTCGCCATG,damaged
TCTTCGGGTATAGGTA,cell
GTCACGGGTTAAGAAC,cell
CTACACCGTTTAGGAA,cell
TACACGAAGAACAACT,cell
GCATGATGTGCATCTA,cell
TGGACGCTCCAGTATG,cell
GCTGGGTGTAAACCTC,cell
CGTCAGGTCAGCCTAA,cell
GACCTGGCAGTCTTCC,damaged
CCTTCCCTCGCACTCT,cell
AGGCCACTCCTCATTA,cell
CTTCTCTCAGAAGCAC,damaged
CTACACCTCCTGTACC,cell
CGTTCTGCAGACTCGC,cell
ATCCACCTCATTATCC,cell
TGCCAAAAGAACAATC,cell
AAACGGGTCCGTTGTC,cell
GGCGTGTCAAAGTCAA,cell
CAACCTCTCGCATGGC,cell
CCACGGACAGTCTTCC,damaged
AACTCAGTCTCGTTTA,cell
TAAGAGAGTTGGTAAA,cell
GGGCACTTCGCTTGTC,cell
GCATGATCATGGTCAT,cell
CTAGAGTAGAGGTTAT,cell
TGACTAGAGGCTATCT,cell
GTAACTGAGGTGATTA,cell
TGAGAGGTCGTCACGG,damaged
TGGCCAGAGTCTCGGC,cell
CTAAGACCAGTCGTGC,cell
TCGTAGAGTCCTCCAT,cell
TATCTCAAGAGCTGGT,cell
AAATGCCCATCATCCC,cell
CCGTTCATCGGAAACG,cell
AGCAGCCAGCTAGTTC,cell
GAACCTACAAGTTAAG,cell
ACGGGCTCAGCCAATT,damaged
GGTGAAGAGAGTCGGT,cell
CGGTTAAGTAGCACGA,cell
GTCACGGAGTAGATGT,cell
GCGCCAACAGATAATG,cell
GTCATTTGTACTCAAC,damaged
AGCTCCTCATCATCCC,cell
AAGGCAGTCGTCTGCT,cell
GAAATGATCCGCTGTT,cell
GCGAGAAGTGATGTGG,cell
CACAAACCAACAACCT,cell
CGCTGGATCATTGCCC,cell
GACTAACCATATGCTG,cell
GACGCGTAGTTGTCGT,cell
ATTGGTGCACCGCTAG,cell
ATAAGAGCACGGATAG,cell
CGTGAGCCATGCTGGC,cell
GGAGCAATCCGCGGTA,cell
GCAAACTGTTGTTTGG,cell
GCTGCAGTCATAAAGG,cell
ACCTTTACAATGGTCT,cell
GTGGGTCCATCGGACC,cell
GCTGCTTCAAACGTGG,cell
CAGCCGACACTTACGA,cell
AACTCCCGTGAGCGAT,cell
CATTATCTCTTGTATC,cell
TACACGAAGACTGTAA,cell
ATTTCTGTCTACCTGC,cell
CGCCAAGTCTCTAAGG,cell
GGGACCTTCGCGATCG,cell
CTGTTTACACGAAATA,cell
CCCAATCTCAGTCAGT,cell
ATTCTACGTTCAGTAC,cell
GCGCAGTCAAAGTCAA,cell
TGACAACGTACGACCC,cell
CCGTGGACATACCATG,damaged
AAACGGGTCAGCCTAA,cell
GGCTGGTGTCAGATAA,cell
TCTTCGGTCCTGTAGA,cell
GCGCGATGTTGCTCCT,cell
CTCGGGAAGTGGTAAT,cell
CACAGGCTCTAGCACA,cell
GCGCGATTCATGTCCC,damaged
ATTATCCTCTGTCTAT,damaged
GTACTTTTCTTGGGTA,cell
AGAGCGACAATGCCAT,cell
CAAGATCGTACATCCA,cell
CACACCTGTCCCTACT,cell
CATGACATCTGCCAGG,cell
GTCATTTAGTAGGCCA,cell
CAAGGCCGTACCGTAT,damaged
CAGCTAAAGTTCGATC,cell
AGTCTTTCAAGCCTAT,cell
GACGTGCTCTGCTGTC,cell
CCACCTATCAACCATG,cell
CTGAAACTCGTCACGG,cell
GACTACATCATAAAGG,damaged
TGAGAGGGTGGTAACG,damaged
TCCCGATTCCCAACGG,cell
CCCAATCCACCCATTC,cell
CACCTTGTCTCCAGGG,cell
CGTCACTCACACATGT,cell
CTCATTAGTCTAACGT,cell
GGCCGATGTCCAGTGC,cell
GTAACTGCAAAGAATC,cell
GAATAAGGTGTTTGGT,cell
GCTTCCAAGCGTCAAG,cell
AGCCTAAAGAACTGTA,cell
CATTATCCAGCTCCGA,cell
CGTCACTTCATCTGCC,cell
ACGATGTCATATGGTC,cell
TGGACGCGTCTTCAAG,cell
CATTCGCCACAACGCC,damaged
GACTACAGTGGTTTCA,cell
GTCACGGAGGCAAAGA,cell
GTTACAGCAAGAGGCT,cell
CTGCGGACAGCTGTAT,damaged
GGCAATTGTCGGCTCA,cell
GTTCTCGCAGCTCCGA,damaged
ACAGCTAAGAGTTGGC,cell
TGATTTCCAAGGTTTC,cell
AAACGGGAGATGTTAG,cell
ATCCACCTCATGTAGC,cell
ATTGGTGGTTAAGACA,cell
CAGATCAAGTGGGATC,cell
TCGTACCCAATGAAAC,cell
AATCCAGGTGACGGTA,cell
CTACCCAAGCTACCTA,cell
TGGCGCACACAGCGTC,cell
GTAGTCATCATGTCCC,damaged
ATCATCTGTCGACTAT,cell
GTACTTTCATAGGATA,cell
ACGCCAGAGTTCCACA,cell
GTATCTTCAATTGCTG,cell
AGCGGTCAGAAGGTGA,cell
TCAGCAATCTAACTCT,cell
GGGCACTTCTCACATT,cell
AGACGTTTCAAAGACA,cell
TATGCCCAGTTGCAGG,damaged
AATCCAGAGCCGGTAA,cell
CTGCCTAAGGGCATGT,cell
CTACACCCACCACCAG,cell
ACAGCTAAGCCACCTG,damaged
TTCTTAGTCAGCTGGC,cell
TCTGAGAGTTAAGTAG,cell
CTAGAGTAGGGCTCTC,damaged
CCGTTCATCTAACTTC,cell
GCTTGAACACCCATGG,cell
GCACTCTCATCCCACT,cell
CCTACACTCACTTACT,damaged
CCACCTAGTTTGACTG,cell
CATCCACAGCTAGCCC,cell
TACTCGCGTTCAGGCC,cell
ATCTACTTCAGGCAAG,cell
TTCTCAACAGGCTCAC,damaged
TTGTAGGTCTGAGTGT,cell
GCTGCTTTCACAACGT,cell
CGTCAGGAGGCATGTG,cell
TTCCCAGCACCAGATT,cell
CTTAACTCAAGCGAGT,cell
CCATTCGAGGGTTTCT,cell
CCGTTCATCCGATATG,cell
CTAATGGGTCGGCATC,damaged
AGTGGGACAAGAAAGG,damaged
GACTAACCAATAGCGG,cell
TCCCGATAGAGTACCG,cell
AGAGCTTTCATACGGT,cell
CACTCCAAGTGTTGAA,cell
CACCACTCACTGCCAG,cell
TAAGAGAGTACCAGTT,cell
GAGTCCGGTCAGAAGC,cell
ACTGAGTTCCAAGTAC,cell
CTCATTACAATCTGCA,cell
TGCTACCTCCCAAGAT,damaged
ATGCGATCATACCATG,damaged
TACTTGTGTACCATCA,cell
CACACAAAGTGGGATC,cell
GGCGACTGTAGTGAAT,cell
TGGCGCAAGATATACG,cell
TGCGCAGCACTCAGGC,cell
ACCCACTGTATAATGG,cell
CACTCCATCAGAAATG,cell
TGCCCTACATAACCTG,damaged
GTTTCTAGTCATCGGC,cell
GACGTGCGTATCTGCA,cell
CGGACGTCACCAGGCT,cell
GACTGCGCATTGTGCA,cell
TGCCCTACATAAAGGT,cell
AACCGCGGTAAGGATT,cell
TCAACGATCTCCTATA,cell
CGTCACTAGCTAGTCT,damaged
TATGCCCTCTGCAGTA,cell
TAGTTGGTCCGCTGTT,damaged
TTTGGTTCAGGCTCAC,cell
TGACTTTGTCAGAGGT,cell
CATATGGAGTTTCCTT,cell
CCTACCAAGGGTGTTG,cell
TCGGGACCACCGTTGG,cell
TGTGTTTGTAAGAGGA,cell
CCATGTCAGAGTGACC,cell
TCTGGAAAGATCACGG,cell
GACACGCCACATAACC,cell
TCCACACGTAAGAGAG,cell
GTCATTTAGTGGTAGC,cell
CATCGAAAGTGGTAAT,cell
CCTCAGTGTTACCAGT,damaged
CAGCCGACACCTCGTT,cell
ACATACGAGCACCGCT,cell
CAGCTGGGTCCAGTTA,cell
CTAATGGGTAATCGTC,cell
GATGAGGCACCTGGTG,damaged
CTAAGACAGTTAGGTA,cell
ACAGCCGGTTGTGGCC,cell
TGGGAAGGTCTGGTCG,cell
GTTTCTAGTAGAGTGC,cell
GTGCAGCGTAACGTTC,damaged
GAGCAGACACATCCAA,damaged
GAACCTAAGGTGATTA,cell
GATCGCGTCCATGAAC,cell
TGATTTCTCAACGGCC,cell
GTACGTATCAGTTCGA,cell
CATGGCGCACTGTCGG,damaged
CACCACTGTCACTGGC,cell
TTTGGTTGTCCAACTA,cell
CGGACGTTCTTAGAGC,cell
CTAGTGAAGCCCAGCT,cell
GACTACATCGCATGGC,damaged
GGGACCTGTGACGGTA,cell
ACTGATGAGAGCAATT,cell
TTAGGACTCCTAGAAC,cell
AAATGCCCAATCTACG,damaged
CACAAACCAGACAGGT,damaged
TAGACCACATTACCTT,cell
TAGCCGGCACGGTAAG,cell
CATTATCTCGAGAGCA,cell
GTATTCTGTCTCTTAT,cell
AGCTTGATCCACTCCA,cell
CACAAACCAAAGTGCG,cell
GCTTCCATCCACGTTC,cell
TACGGTACAAGGACTG,cell
ATAAGAGTCTAGCACA,cell
CCTATTAGTATAGTAG,cell
GGAGCAACACACGCTG,cell
CGAGCCATCGCGTTTC,damaged
AGTCTTTAGATCGGGT,cell
TCGTAGAAGAATAGGG,damaged
TGGGAAGGTAACGCGA,cell
CTTTGCGAGTTAGGTA,cell
ACGATGTGTCAAACTC,cell
CAGCATAGTAAGTGTA,cell
CAAGATCGTAGCGCAA,damaged
ATCCACCTCACCAGGC,cell
GAAATGATCTTGCATT,cell
ATCATCTAGTCGAGTG,cell
GCTGGGTCAGCCTTTC,cell
AGTTGGTGTGGTTTCA,cell
TCGGTAACATAAGACA,cell
CAAGTTGTCAAGATCC,damaged
CTGCGGAGTCTAACGT,cell
AAAGCAAAGAGCTGGT,cell
GGATTACTCACGACTA,cell
ATCCGAACACACCGCA,cell
ACGGCCAAGGCATTGG,cell
CCACTACGTACCGTAT,cell
CACACTCTCAAGGCTT,cell
CCTCAGTCACATGACT,cell
TCTGGAAAGTGTGGCA,cell
AGGCCGTCAAGCGTAG,cell
TACGGATCACCTATCC,cell
GCATGCGGTACCGTTA,cell
ATAGACCAGTTAGCGG,cell
CAGCATACATTGAGCT,cell
ATTCTACCACCACGTG,cell
CTGATAGTCCCTAATT,cell
CTGAAACAGGCTACGA,cell
ACTATCTTCATGTGGT,cell
CGCCAAGAGACTCGGA,cell
GGGATGAAGAGTAAGG,cell
GCAGTTAAGGTGCTAG,cell
GATTCAGTCCCAGGTG,cell
ACTGAGTAGCAATCTC,cell
TTTCCTCAGCCCAACC,cell
ACATACGAGTCATGCT,cell
CACCTTGTCTTCCTTC,cell
GACGGCTAGAAACGCC,damaged
GGCGACTAGCTCCCAG,cell
CTCTACGAGTGGTAGC,cell
TAAGTGCAGCTTCGCG,cell
GTAACGTCAATGACCT,damaged
TACTCATAGGAGTTTA,cell
CTTAACTTCGCCTGTT,cell
GGGCATCTCCACTCCA,cell
GCATGCGAGTTAGCGG,cell
CTAATGGGTGATGTGG,cell
CATATTCCAATGTAAG,cell
CAACCAATCTCGCTTG,cell
GTATTCTTCTATGTGG,cell
GTCACAATCCGCAAGC,cell
ACTGAGTTCACCCGAG,cell
ATCTACTCATCTATGG,cell
CTACACCTCTTTACAC,cell
GCATGCGGTAGGACAC,cell
GGACAGAGTTTAAGCC,cell
TGACGGCCATGAGCGA,cell
TCGCGAGGTGCTTCTC,damaged
CCCATACCAGTGACAG,damaged
GTCCTCACACGGTTTA,damaged
CGTAGCGGTGCAGTAG,damaged
ATCCGAAAGCCATCGC,cell
GCATGCGTCACCCGAG,cell
CACAGGCCAGTATCTG,damaged
GGACGTCGTCCTAGCG,cell
CTCGAAACACACCGAC,cell
TCGTAGACAGACGCTC,cell
GTAGGCCAGAGGTTGC,cell
